,BestParams,F1,Precision,Recall,PR_AUC
LogisticRegression,{'C': 0.1},0.9562043795620438,0.9776119402985075,0.9357142857142857,0.9929942105650892
RandomForest,"{'max_depth': None, 'n_estimators': 100}",0.9469964664310954,0.9370629370629371,0.9571428571428572,0.9881432028653573
SVM,"{'C': 10, 'kernel': 'rbf'}",0.9716312056737588,0.9647887323943662,0.9785714285714285,0.9971153914410229
